
-- Tabela pacjenci
CREATE TABLE pacjenci (
    id_pacjenta INTEGER PRIMARY KEY,
    nazwa VARCHAR(130) NOT NULL,
    data_urodzenia DATE NOT NULL,
    pesel CHARACTER(11) NOT NULL
);

-- Tabela lekarze
CREATE TABLE lekarze (
    id_lekarza INTEGER PRIMARY KEY,
    nazwa VARCHAR(130) NOT NULL,
    specjalizacje VARCHAR[] NOT NULL
);

-- Tabela konsultacje
CREATE TABLE konsultacje (
    id_konsultacji INTEGER PRIMARY KEY,
    id_lekarza INTEGER NOT NULL REFERENCES lekarze(id_lekarza),
    id_pacjenta INTEGER REFERENCES pacjenci(id_pacjenta),
    termin TIMESTAMP NOT NULL,
    specjalizacja VARCHAR(30) NOT NULL,
    cena NUMERIC(7,2) NOT NULL,
    zrealizowana BOOLEAN NOT NULL DEFAULT FALSE,
    CONSTRAINT chk_zrealizowana_pacjent CHECK (
        NOT (id_pacjenta IS NULL AND zrealizowana = TRUE)
    )
);

-- Tabela badania
CREATE TABLE badania (
    id_badania INTEGER PRIMARY KEY,
    nazwa VARCHAR(50) NOT NULL,
    cena NUMERIC(7,2) NOT NULL,
    na_czczo BOOLEAN NOT NULL
);

-- Tabela zlecenia
CREATE TABLE zlecenia (
    id_zlecenia INTEGER PRIMARY KEY,
    id_pacjenta INTEGER NOT NULL REFERENCES pacjenci(id_pacjenta),
    id_lekarza INTEGER NOT NULL REFERENCES lekarze(id_lekarza),
    id_badania INTEGER NOT NULL REFERENCES badania(id_badania),
    data_wystawienia DATE NOT NULL,
    data_realizacji DATE
);

-- Wstawianie danych do pacjenci
INSERT INTO pacjenci (id_pacjenta, nazwa, data_urodzenia, pesel) VALUES
(1, 'Pacjent_1', '1980-04-26', '4503059229'),
(2, 'Pacjent_2', '1974-11-10', '7405169431'),
(3, 'Pacjent_3', '1946-10-16', '9509104262'),
(4, 'Pacjent_4', '2007-06-06', '8012116830'),
(5, 'Pacjent_5', '1953-10-07', '8711249124'),
(6, 'Pacjent_6', '1976-11-03', '8004261899'),
(7, 'Pacjent_7', '1971-03-25', '7012026374'),
(8, 'Pacjent_8', '1998-01-03', '8405091403'),
(9, 'Pacjent_9', '1970-05-04', '1807276632'),
(10, 'Pacjent_10', '1993-10-29', '3010177682'),
(11, 'Pacjent_11', '1975-02-02', '1310209802'),
(12, 'Pacjent_12', '1992-12-19', '0606215836'),
(13, 'Pacjent_13', '1969-08-01', '3504101738'),
(14, 'Pacjent_14', '1955-08-01', '6605189457'),
(15, 'Pacjent_15', '1983-12-21', '0903231533'),
(16, 'Pacjent_16', '1973-07-09', '1108042553'),
(17, 'Pacjent_17', '1940-06-20', '7811255230'),
(18, 'Pacjent_18', '2008-02-28', '5801053460'),
(19, 'Pacjent_19', '1986-01-01', '6606031235'),
(20, 'Pacjent_20', '1957-01-20', '0010056512'),
(21, 'Pacjent_21', '1994-03-05', '4109222436'),
(22, 'Pacjent_22', '1980-01-30', '0711135248'),
(23, 'Pacjent_23', '1981-08-14', '5809098091'),
(24, 'Pacjent_24', '1960-12-14', '9802035869'),
(25, 'Pacjent_25', '1948-01-10', '3703049270'),
(26, 'Pacjent_26', '1992-07-26', '4402061226'),
(27, 'Pacjent_27', '2004-02-22', '3612266895'),
(28, 'Pacjent_28', '1992-03-24', '1804169281'),
(29, 'Pacjent_29', '1982-03-18', '8403203854'),
(30, 'Pacjent_30', '2005-11-11', '0606012617'),
(31, 'Pacjent_31', '2003-06-11', '0004093610'),
(32, 'Pacjent_32', '1956-03-15', '6006233578'),
(33, 'Pacjent_33', '1974-04-28', '1509263124'),
(34, 'Pacjent_34', '1950-12-01', '2904192334'),
(35, 'Pacjent_35', '1972-02-13', '2706264166'),
(36, 'Pacjent_36', '1953-08-25', '2907018533'),
(37, 'Pacjent_37', '1968-07-31', '1510231508'),
(38, 'Pacjent_38', '1980-11-11', '1904015162'),
(39, 'Pacjent_39', '1944-02-09', '8205066631'),
(40, 'Pacjent_40', '1971-05-02', '9803044392'),
(41, 'Pacjent_41', '2005-06-21', '8812113375'),
(42, 'Pacjent_42', '1977-04-05', '5201194116'),
(43, 'Pacjent_43', '1946-07-27', '7412279430'),
(44, 'Pacjent_44', '1985-05-22', '3501044091'),
(45, 'Pacjent_45', '1962-05-19', '0312199048'),
(46, 'Pacjent_46', '1941-04-22', '1005083956'),
(47, 'Pacjent_47', '1993-05-28', '0903064568'),
(48, 'Pacjent_48', '1965-02-13', '2709285395'),
(49, 'Pacjent_49', '1993-08-02', '0305131439'),
(50, 'Pacjent_50', '1969-04-17', '1306101778'),
(51, 'Pacjent_51', '2009-01-17', '6604055208'),
(52, 'Pacjent_52', '1992-09-01', '1810188353'),
(53, 'Pacjent_53', '1988-07-19', '1310287032'),
(54, 'Pacjent_54', '1966-04-06', '9511122419'),
(55, 'Pacjent_55', '2004-07-13', '1601079581'),
(56, 'Pacjent_56', '1948-10-23', '1301184346'),
(57, 'Pacjent_57', '1985-10-20', '1010239063'),
(58, 'Pacjent_58', '1954-07-25', '2205121244'),
(59, 'Pacjent_59', '1965-01-14', '0811158635'),
(60, 'Pacjent_60', '1944-09-28', '0907051196'),
(61, 'Pacjent_61', '1945-05-29', '6105242712'),
(62, 'Pacjent_62', '2006-06-09', '6911161365'),
(63, 'Pacjent_63', '1955-02-12', '1611175442'),
(64, 'Pacjent_64', '1953-01-25', '2706257357'),
(65, 'Pacjent_65', '1960-02-25', '1606089368'),
(66, 'Pacjent_66', '1958-08-25', '6505127539'),
(67, 'Pacjent_67', '1965-10-16', '1507135175'),
(68, 'Pacjent_68', '1951-06-10', '0802144422'),
(69, 'Pacjent_69', '2003-03-08', '5005107871'),
(70, 'Pacjent_70', '2008-02-01', '1807224156'),
(71, 'Pacjent_71', '1963-11-22', '0906067199'),
(72, 'Pacjent_72', '1956-06-18', '9907041304'),
(73, 'Pacjent_73', '1949-04-15', '2205216363'),
(74, 'Pacjent_74', '2007-10-12', '5604177699'),
(75, 'Pacjent_75', '1995-01-27', '1207042702'),
(76, 'Pacjent_76', '1986-01-03', '8005233611'),
(77, 'Pacjent_77', '1972-06-04', '1104204643'),
(78, 'Pacjent_78', '1951-05-05', '0711066838'),
(79, 'Pacjent_79', '1977-09-15', '2003092955'),
(80, 'Pacjent_80', '1969-04-03', '6603149047'),
(81, 'Pacjent_81', '1987-12-23', '4001183952'),
(82, 'Pacjent_82', '1977-06-03', '1401211540'),
(83, 'Pacjent_83', '1960-08-31', '1710146326'),
(84, 'Pacjent_84', '1983-03-12', '4904103384'),
(85, 'Pacjent_85', '1952-05-05', '3309165152'),
(86, 'Pacjent_86', '1982-04-13', '3505144398'),
(87, 'Pacjent_87', '2000-03-13', '8810079871'),
(88, 'Pacjent_88', '1994-03-21', '1209015645'),
(89, 'Pacjent_89', '1963-08-10', '9509012658'),
(90, 'Pacjent_90', '1943-09-03', '0006244418'),
(91, 'Pacjent_91', '1944-04-16', '5712032811'),
(92, 'Pacjent_92', '1959-06-16', '1411117612'),
(93, 'Pacjent_93', '1977-07-02', '5308124088'),
(94, 'Pacjent_94', '1991-08-24', '1509219188'),
(95, 'Pacjent_95', '1971-11-30', '7810274549'),
(96, 'Pacjent_96', '1946-10-05', '6702269165'),
(97, 'Pacjent_97', '1995-02-21', '3801237511'),
(98, 'Pacjent_98', '2004-01-03', '5603203561'),
(99, 'Pacjent_99', '1994-07-17', '1602062803'),
(100, 'Pacjent_100', '1992-03-24', '9011229251');

-- Wstawianie danych do lekarze
INSERT INTO lekarze (id_lekarza, nazwa, specjalizacje) VALUES
(1, 'Lekarz_1', '{dermatolog, chirurg}'),
(2, 'Lekarz_2', '{chirurg, neurolog}'),
(3, 'Lekarz_3', '{neurolog}'),
(4, 'Lekarz_4', '{neurolog, okulista}'),
(5, 'Lekarz_5', '{kardiolog, neurolog}'),
(6, 'Lekarz_6', '{neurolog, chirurg}'),
(7, 'Lekarz_7', '{neurolog, chirurg}'),
(8, 'Lekarz_8', '{kardiolog, dermatolog, okulista}'),
(9, 'Lekarz_9', '{kardiolog, okulista}'),
(10, 'Lekarz_10', '{okulista, dermatolog, neurolog}'),
(11, 'Lekarz_11', '{okulista}'),
(12, 'Lekarz_12', '{dermatolog, neurolog}'),
(13, 'Lekarz_13', '{chirurg}'),
(14, 'Lekarz_14', '{kardiolog, neurolog, okulista}'),
(15, 'Lekarz_15', '{dermatolog}'),
(16, 'Lekarz_16', '{kardiolog}'),
(17, 'Lekarz_17', '{chirurg, dermatolog, okulista}'),
(18, 'Lekarz_18', '{dermatolog}'),
(19, 'Lekarz_19', '{kardiolog, dermatolog}'),
(20, 'Lekarz_20', '{chirurg}');

-- Wstawianie danych do badania
INSERT INTO badania (id_badania, nazwa, cena, na_czczo) VALUES
(1, 'Morfologia', 20.00, TRUE),
(2, 'CRP', 30.00, TRUE),
(3, 'Rezonans Magnetyczny', 500.00, FALSE),
(4, 'Glukoza', 15.00, TRUE),
(5, 'Żelazo', 25.00, TRUE);

-- Wstawianie danych do konsultacje
INSERT INTO konsultacje (id_konsultacji, id_lekarza, id_pacjenta, termin, specjalizacja, cena, zrealizowana) VALUES
(1, 19, 26, '2025-04-20 21:04:31', 'okulista', 153.27, TRUE),
(2, 7, 11, '2025-04-08 14:17:57', 'chirurg', 173.9, FALSE),
(3, 13, NULL, '2024-11-16 10:27:27', 'kardiolog', 180.51, FALSE),
(4, 16, 70, '2025-10-15 15:11:54', 'kardiolog', 205.29, FALSE),
(5, 4, NULL, '2024-07-01 15:37:12', 'chirurg', 186.5, FALSE),
(6, 16, NULL, '2024-08-12 14:54:39', 'okulista', 210.99, FALSE),
(7, 15, NULL, '2025-07-27 11:40:47', 'kardiolog', 263.01, FALSE),
(8, 18, NULL, '2025-05-13 06:58:41', 'dermatolog', 240.58, FALSE),
(9, 10, 14, '2025-07-27 01:10:17', 'chirurg', 145.35, FALSE),
(10, 14, NULL, '2025-02-12 10:10:26', 'dermatolog', 172.93, FALSE),
(11, 7, 90, '2024-03-26 08:37:32', 'kardiolog', 104.35, TRUE),
(12, 12, 5, '2025-12-10 05:26:10', 'neurolog', 225.11, FALSE),
(13, 18, 30, '2025-08-14 06:29:32', 'okulista', 280.16, TRUE),
(14, 3, 89, '2024-01-26 09:12:36', 'okulista', 205.44, TRUE),
(15, 3, 47, '2025-05-23 00:42:50', 'okulista', 215.59, TRUE),
(16, 4, NULL, '2025-02-09 10:17:51', 'okulista', 144.62, FALSE),
(17, 7, NULL, '2024-11-21 01:01:58', 'neurolog', 110.88, FALSE),
(18, 4, NULL, '2025-12-14 05:05:42', 'chirurg', 162.43, FALSE),
(19, 20, 69, '2024-10-18 12:09:14', 'kardiolog', 182.73, TRUE),
(20, 5, NULL, '2024-04-19 16:29:52', 'chirurg', 252.22, FALSE),
(21, 20, NULL, '2025-09-10 01:28:27', 'okulista', 122.97, FALSE),
(22, 4, NULL, '2025-09-11 06:01:01', 'chirurg', 256.85, FALSE),
(23, 15, 58, '2024-11-20 01:54:30', 'okulista', 280.92, FALSE),
(24, 3, NULL, '2025-04-05 13:43:13', 'chirurg', 109.96, FALSE),
(25, 20, 32, '2024-12-29 18:42:24', 'chirurg', 264.11, TRUE),
(26, 9, 84, '2025-06-29 18:28:30', 'dermatolog', 145.77, TRUE),
(27, 4, NULL, '2024-03-03 10:46:23', 'dermatolog', 120.52, FALSE),
(28, 9, NULL, '2024-02-18 21:41:57', 'kardiolog', 111.73, FALSE),
(29, 17, 80, '2024-12-14 23:31:14', 'okulista', 171.81, TRUE),
(30, 14, NULL, '2025-03-16 11:41:41', 'chirurg', 213.47, FALSE),
(31, 5, NULL, '2024-11-14 15:16:45', 'kardiolog', 110.34, FALSE),
(32, 4, 65, '2025-02-25 06:37:50', 'neurolog', 163.22, TRUE),
(33, 5, NULL, '2025-07-27 05:10:35', 'dermatolog', 192.9, FALSE),
(34, 16, 79, '2024-03-28 22:38:04', 'neurolog', 240.0, FALSE),
(35, 16, NULL, '2025-08-05 07:58:18', 'kardiolog', 206.87, FALSE),
(36, 17, 91, '2025-04-27 10:07:18', 'okulista', 119.39, TRUE),
(37, 19, NULL, '2024-04-03 07:56:16', 'okulista', 293.28, FALSE),
(38, 3, 12, '2025-07-07 01:29:00', 'dermatolog', 277.73, FALSE),
(39, 15, 39, '2025-11-17 02:54:03', 'okulista', 221.94, FALSE),
(40, 1, NULL, '2024-07-12 13:12:25', 'dermatolog', 214.99, FALSE),
(41, 3, 69, '2024-05-08 03:47:42', 'neurolog', 255.76, TRUE),
(42, 8, 99, '2025-06-16 10:44:01', 'chirurg', 107.03, TRUE),
(43, 12, NULL, '2025-01-27 06:31:32', 'kardiolog', 191.69, FALSE),
(44, 14, NULL, '2025-05-05 08:37:14', 'chirurg', 154.54, FALSE),
(45, 13, NULL, '2025-07-02 11:56:58', 'chirurg', 231.82, FALSE),
(46, 11, 35, '2025-02-14 13:52:28', 'okulista', 133.12, FALSE),
(47, 14, 89, '2025-04-25 22:29:53', 'neurolog', 263.67, TRUE),
(48, 8, NULL, '2024-07-01 04:05:21', 'okulista', 282.58, FALSE),
(49, 20, 45, '2024-07-01 22:04:00', 'okulista', 226.8, TRUE),
(50, 8, NULL, '2024-10-19 20:05:59', 'kardiolog', 281.65, FALSE),
(51, 8, 73, '2024-12-06 04:18:13', 'okulista', 226.61, TRUE),
(52, 3, NULL, '2025-10-10 19:07:06', 'chirurg', 268.98, FALSE),
(53, 14, 21, '2025-06-19 19:43:37', 'okulista', 103.46, TRUE),
(54, 14, NULL, '2025-10-06 13:27:11', 'dermatolog', 114.14, FALSE),
(55, 13, 70, '2025-11-08 00:47:18', 'neurolog', 219.84, TRUE),
(56, 8, NULL, '2025-12-09 17:52:41', 'kardiolog', 250.39, FALSE),
(57, 4, 100, '2025-02-11 23:31:16', 'chirurg', 204.49, TRUE),
(58, 13, 40, '2024-06-20 15:52:27', 'chirurg', 222.35, TRUE),
(59, 8, 41, '2024-09-21 21:03:32', 'okulista', 184.21, FALSE),
(60, 19, NULL, '2024-04-03 11:44:12', 'neurolog', 131.32, FALSE),
(61, 13, NULL, '2024-05-08 17:08:49', 'kardiolog', 288.14, FALSE),
(62, 5, 69, '2025-10-29 11:17:54', 'chirurg', 191.63, FALSE),
(63, 8, 97, '2024-10-06 01:01:20', 'okulista', 278.27, TRUE),
(64, 5, NULL, '2025-01-16 10:16:01', 'kardiolog', 188.54, FALSE),
(65, 5, 34, '2024-02-23 18:17:54', 'okulista', 102.58, FALSE),
(66, 20, NULL, '2025-09-29 20:34:08', 'okulista', 251.36, FALSE),
(67, 17, 71, '2025-06-13 15:42:01', 'kardiolog', 159.28, TRUE),
(68, 4, NULL, '2024-03-07 20:04:55', 'kardiolog', 233.67, FALSE),
(69, 16, 21, '2024-04-16 04:06:04', 'chirurg', 223.44, TRUE),
(70, 3, 25, '2024-04-24 01:20:32', 'okulista', 210.51, FALSE),
(71, 9, 16, '2025-07-12 18:09:25', 'okulista', 121.98, FALSE),
(72, 18, 88, '2024-02-20 22:33:21', 'dermatolog', 194.39, TRUE),
(73, 13, NULL, '2024-01-04 00:03:27', 'kardiolog', 117.21, FALSE),
(74, 12, NULL, '2024-08-07 09:47:04', 'kardiolog', 176.31, FALSE),
(75, 14, 62, '2025-07-28 22:15:37', 'neurolog', 126.49, FALSE),
(76, 12, 98, '2024-03-15 23:32:52', 'okulista', 261.16, TRUE),
(77, 7, 25, '2025-06-11 18:21:54', 'neurolog', 141.14, FALSE),
(78, 16, NULL, '2025-07-16 12:30:24', 'dermatolog', 102.66, FALSE),
(79, 18, NULL, '2025-09-21 23:23:52', 'kardiolog', 299.24, FALSE),
(80, 5, 27, '2024-08-01 06:58:17', 'kardiolog', 121.32, TRUE),
(81, 15, 63, '2025-05-09 04:55:24', 'okulista', 118.12, FALSE),
(82, 8, 64, '2025-01-30 11:24:48', 'kardiolog', 265.71, TRUE),
(83, 19, 83, '2024-06-26 21:26:10', 'okulista', 220.47, TRUE),
(84, 10, NULL, '2025-07-26 12:18:13', 'neurolog', 188.87, FALSE),
(85, 14, 22, '2024-07-18 00:25:53', 'neurolog', 214.65, TRUE),
(86, 19, NULL, '2024-07-21 10:46:32', 'chirurg', 106.95, FALSE),
(87, 11, 11, '2024-05-29 13:56:44', 'okulista', 222.96, FALSE),
(88, 19, 91, '2025-09-25 15:01:19', 'kardiolog', 161.53, FALSE),
(89, 14, 68, '2024-01-12 09:13:58', 'neurolog', 183.82, TRUE),
(90, 7, 68, '2024-04-18 09:25:50', 'dermatolog', 243.24, TRUE),
(91, 16, 86, '2024-09-28 20:38:58', 'neurolog', 262.33, TRUE),
(92, 15, NULL, '2025-11-05 17:58:12', 'dermatolog', 225.55, FALSE),
(93, 3, 34, '2024-10-19 19:56:00', 'neurolog', 223.24, TRUE),
(94, 13, 90, '2025-03-27 17:49:56', 'chirurg', 273.5, FALSE),
(95, 1, 21, '2025-11-02 17:13:59', 'dermatolog', 287.95, TRUE),
(96, 6, 99, '2025-06-08 18:36:58', 'kardiolog', 190.04, FALSE),
(97, 12, 41, '2025-04-12 15:38:24', 'okulista', 226.27, TRUE),
(98, 13, 17, '2024-08-03 04:36:25', 'dermatolog', 106.0, FALSE),
(99, 13, NULL, '2025-10-30 19:52:45', 'chirurg', 246.01, FALSE),
(100, 10, 45, '2025-12-16 00:14:40', 'okulista', 246.52, TRUE),
(101, 20, NULL, '2024-11-18 02:49:36', 'chirurg', 227.07, FALSE),
(102, 7, 85, '2024-01-08 21:15:09', 'dermatolog', 158.41, FALSE),
(103, 7, NULL, '2024-08-13 18:06:01', 'neurolog', 102.84, FALSE),
(104, 12, NULL, '2024-07-31 14:35:02', 'kardiolog', 296.49, FALSE),
(105, 19, 43, '2025-01-11 20:21:48', 'chirurg', 175.99, TRUE),
(106, 20, 93, '2025-01-31 17:49:11', 'okulista', 223.82, TRUE),
(107, 6, NULL, '2025-12-07 03:24:21', 'neurolog', 278.47, FALSE),
(108, 7, 29, '2025-04-29 23:46:51', 'kardiolog', 290.52, FALSE),
(109, 19, NULL, '2024-09-07 15:36:21', 'kardiolog', 233.37, FALSE),
(110, 11, 21, '2025-09-19 06:19:46', 'kardiolog', 129.44, FALSE),
(111, 8, 40, '2024-02-06 07:02:44', 'okulista', 261.04, FALSE),
(112, 1, NULL, '2025-06-02 02:40:42', 'kardiolog', 248.1, FALSE),
(113, 15, 84, '2024-11-07 06:52:07', 'okulista', 237.38, TRUE),
(114, 1, 34, '2025-01-19 19:12:59', 'neurolog', 154.96, FALSE),
(115, 8, NULL, '2025-08-23 04:54:23', 'chirurg', 121.45, FALSE),
(116, 5, 14, '2024-04-09 21:51:32', 'kardiolog', 249.91, FALSE),
(117, 9, NULL, '2025-03-12 16:54:51', 'chirurg', 201.75, FALSE),
(118, 9, 49, '2024-01-26 20:07:55', 'dermatolog', 180.71, FALSE),
(119, 17, NULL, '2025-07-18 11:57:26', 'dermatolog', 146.96, FALSE),
(120, 3, 20, '2025-06-16 01:18:23', 'chirurg', 203.72, TRUE),
(121, 8, NULL, '2025-04-04 04:01:35', 'neurolog', 202.41, FALSE),
(122, 7, 66, '2025-11-30 21:06:26', 'neurolog', 116.68, FALSE),
(123, 7, 98, '2024-08-19 03:29:15', 'kardiolog', 192.74, FALSE),
(124, 15, NULL, '2025-03-13 15:42:37', 'dermatolog', 122.65, FALSE),
(125, 10, 22, '2025-09-14 16:44:57', 'kardiolog', 112.67, TRUE),
(126, 8, NULL, '2024-04-21 01:43:18', 'neurolog', 294.48, FALSE),
(127, 10, NULL, '2025-08-25 23:48:49', 'okulista', 202.23, FALSE),
(128, 16, 9, '2024-10-08 02:06:27', 'dermatolog', 152.16, FALSE),
(129, 8, 9, '2024-04-01 10:20:48', 'dermatolog', 146.99, FALSE),
(130, 7, 68, '2025-01-28 18:35:13', 'chirurg', 202.69, TRUE),
(131, 7, NULL, '2025-11-01 03:56:02', 'neurolog', 124.83, FALSE),
(132, 9, NULL, '2025-10-26 21:02:54', 'okulista', 280.16, FALSE),
(133, 20, NULL, '2024-12-24 08:46:12', 'chirurg', 181.93, FALSE),
(134, 7, NULL, '2025-01-13 12:37:15', 'okulista', 178.14, FALSE),
(135, 3, 60, '2024-06-29 00:02:11', 'chirurg', 210.44, TRUE),
(136, 3, NULL, '2024-04-05 15:41:19', 'kardiolog', 140.37, FALSE),
(137, 7, NULL, '2024-05-20 12:44:35', 'neurolog', 170.12, FALSE),
(138, 12, 62, '2024-06-19 07:35:52', 'dermatolog', 150.68, TRUE),
(139, 8, 4, '2025-01-02 20:35:18', 'chirurg', 231.51, TRUE),
(140, 13, NULL, '2024-11-13 06:22:41', 'neurolog', 245.33, FALSE),
(141, 16, 69, '2024-06-13 00:39:13', 'dermatolog', 256.4, TRUE),
(142, 5, 2, '2024-03-22 10:27:24', 'okulista', 123.73, FALSE),
(143, 5, NULL, '2024-06-23 04:13:11', 'kardiolog', 206.76, FALSE),
(144, 10, NULL, '2025-07-25 13:29:11', 'kardiolog', 299.53, FALSE),
(145, 1, NULL, '2025-08-02 21:53:57', 'neurolog', 212.65, FALSE),
(146, 15, 86, '2025-02-05 10:49:17', 'neurolog', 113.16, TRUE),
(147, 8, 19, '2024-11-06 18:39:54', 'dermatolog', 225.82, TRUE),
(148, 20, 60, '2024-04-21 07:53:15', 'chirurg', 271.06, FALSE),
(149, 17, NULL, '2024-12-31 09:19:53', 'okulista', 126.85, FALSE),
(150, 11, NULL, '2025-09-26 21:56:13', 'kardiolog', 157.31, FALSE),
(151, 19, NULL, '2025-09-07 08:30:32', 'kardiolog', 211.27, FALSE),
(152, 19, NULL, '2024-10-22 05:42:13', 'chirurg', 154.54, FALSE),
(153, 15, NULL, '2025-04-02 08:58:18', 'chirurg', 141.52, FALSE),
(154, 4, 50, '2025-09-04 10:31:37', 'okulista', 132.4, FALSE),
(155, 19, NULL, '2024-11-30 09:19:59', 'okulista', 130.15, FALSE),
(156, 13, NULL, '2024-06-03 00:20:22', 'dermatolog', 245.1, FALSE),
(157, 4, 25, '2025-08-15 18:27:34', 'kardiolog', 142.64, FALSE),
(158, 14, NULL, '2024-08-20 01:57:10', 'neurolog', 218.05, FALSE),
(159, 1, 99, '2024-04-29 03:42:20', 'chirurg', 113.3, FALSE),
(160, 14, 16, '2025-07-20 23:27:04', 'okulista', 257.78, TRUE),
(161, 1, 32, '2024-07-24 08:05:57', 'neurolog', 156.09, TRUE),
(162, 4, NULL, '2025-08-02 16:12:13', 'dermatolog', 138.49, FALSE),
(163, 7, NULL, '2024-10-15 15:38:43', 'dermatolog', 108.54, FALSE),
(164, 20, NULL, '2025-02-28 15:41:07', 'chirurg', 224.27, FALSE),
(165, 11, 85, '2024-02-26 17:08:21', 'neurolog', 282.43, FALSE),
(166, 8, 44, '2024-09-24 15:31:22', 'okulista', 161.19, TRUE),
(167, 2, 32, '2025-09-12 16:05:32', 'neurolog', 276.55, FALSE),
(168, 6, NULL, '2025-03-05 16:48:20', 'okulista', 266.88, FALSE),
(169, 1, 90, '2025-10-06 02:21:49', 'chirurg', 222.77, TRUE),
(170, 11, NULL, '2025-12-26 04:43:27', 'kardiolog', 283.99, FALSE),
(171, 19, 74, '2024-10-12 20:48:34', 'kardiolog', 259.93, FALSE),
(172, 14, 77, '2024-05-28 17:55:21', 'neurolog', 190.42, FALSE),
(173, 13, 89, '2025-10-17 04:17:10', 'neurolog', 208.65, FALSE),
(174, 8, 33, '2025-10-20 22:59:48', 'neurolog', 111.06, FALSE),
(175, 13, 58, '2024-08-05 12:28:27', 'dermatolog', 188.88, FALSE),
(176, 3, 10, '2024-08-18 08:03:29', 'dermatolog', 189.37, FALSE),
(177, 11, 92, '2025-01-07 18:39:42', 'okulista', 162.95, TRUE),
(178, 16, 93, '2025-06-01 23:03:25', 'neurolog', 252.39, FALSE),
(179, 8, 69, '2024-08-06 11:17:02', 'okulista', 247.08, FALSE),
(180, 16, 50, '2025-10-28 06:16:12', 'okulista', 103.87, TRUE),
(181, 19, NULL, '2025-06-30 09:45:07', 'kardiolog', 104.79, FALSE),
(182, 8, NULL, '2025-10-22 10:06:59', 'dermatolog', 155.56, FALSE),
(183, 13, NULL, '2024-02-09 18:49:34', 'dermatolog', 155.04, FALSE),
(184, 11, NULL, '2025-09-26 01:52:59', 'chirurg', 201.11, FALSE),
(185, 4, 22, '2024-05-13 20:16:08', 'neurolog', 223.37, TRUE),
(186, 16, NULL, '2024-09-06 14:03:28', 'dermatolog', 272.93, FALSE),
(187, 9, 21, '2025-05-27 09:41:10', 'chirurg', 256.15, TRUE),
(188, 9, NULL, '2025-05-14 00:22:36', 'kardiolog', 163.48, FALSE),
(189, 7, 58, '2025-08-18 12:09:43', 'neurolog', 233.26, FALSE),
(190, 18, 6, '2025-01-13 10:18:53', 'neurolog', 189.24, TRUE),
(191, 4, 6, '2025-12-21 05:32:33', 'chirurg', 291.85, TRUE),
(192, 2, 83, '2025-10-26 08:10:20', 'neurolog', 275.61, TRUE),
(193, 1, NULL, '2024-09-28 07:50:21', 'neurolog', 221.95, FALSE),
(194, 20, NULL, '2024-06-07 03:18:32', 'okulista', 255.51, FALSE),
(195, 12, NULL, '2025-10-07 06:29:13', 'neurolog', 172.36, FALSE),
(196, 15, 97, '2024-08-22 10:29:21', 'neurolog', 191.39, FALSE),
(197, 15, NULL, '2024-01-10 07:21:43', 'dermatolog', 148.07, FALSE),
(198, 8, NULL, '2025-02-21 23:59:40', 'okulista', 148.03, FALSE),
(199, 18, 81, '2025-03-05 14:07:15', 'kardiolog', 244.85, FALSE),
(200, 20, 74, '2024-08-11 03:56:59', 'okulista', 291.69, TRUE);

-- Wstawianie danych do zlecenia
INSERT INTO zlecenia (id_zlecenia, id_pacjenta, id_lekarza, id_badania, data_wystawienia, data_realizacji) VALUES
(1, 82, 1, 3, '2024-05-09', '2025-07-11'),
(2, 15, 4, 1, '2024-08-23', '2025-05-07'),
(3, 61, 6, 4, '2025-04-22', NULL),
(4, 37, 10, 1, '2024-09-07', '2025-05-08'),
(5, 67, 3, 3, '2024-03-01', '2025-04-03'),
(6, 88, 3, 5, '2024-05-03', '2025-03-28'),
(7, 31, 6, 4, '2024-03-24', NULL),
(8, 30, 14, 5, '2025-03-09', '2025-12-19'),
(9, 74, 9, 4, '2025-07-27', NULL),
(10, 13, 14, 1, '2024-05-11', NULL),
(11, 50, 6, 1, '2025-10-18', NULL),
(12, 71, 10, 5, '2024-10-26', '2025-05-20'),
(13, 49, 2, 5, '2024-07-26', NULL),
(14, 19, 18, 1, '2024-01-04', NULL),
(15, 52, 17, 5, '2025-10-16', NULL),
(16, 77, 16, 2, '2024-03-03', '2025-02-16'),
(17, 36, 4, 2, '2025-09-18', '2025-12-15'),
(18, 81, 11, 2, '2024-08-01', NULL),
(19, 26, 11, 2, '2025-10-26', '2025-12-21'),
(20, 47, 10, 4, '2025-08-20', NULL),
(21, 1, 4, 3, '2024-04-23', '2025-08-29'),
(22, 71, 4, 5, '2024-05-01', '2025-08-31'),
(23, 78, 5, 4, '2025-02-28', '2025-11-17'),
(24, 19, 19, 5, '2024-10-14', NULL),
(25, 89, 14, 1, '2024-02-11', '2025-05-03'),
(26, 23, 3, 1, '2025-03-21', '2025-12-08'),
(27, 28, 20, 4, '2025-04-03', '2025-09-16'),
(28, 93, 13, 3, '2024-09-03', NULL),
(29, 33, 17, 4, '2024-04-18', NULL),
(30, 35, 11, 1, '2024-03-10', NULL),
(31, 31, 10, 2, '2024-09-21', '2025-01-26'),
(32, 42, 1, 4, '2024-09-20', NULL),
(33, 68, 14, 1, '2025-06-14', '2025-06-28'),
(34, 100, 12, 5, '2025-07-14', '2025-12-11'),
(35, 94, 15, 5, '2024-12-20', '2025-04-12'),
(36, 71, 12, 3, '2024-12-17', NULL),
(37, 67, 16, 5, '2024-07-28', NULL),
(38, 69, 18, 1, '2025-03-18', NULL),
(39, 65, 8, 5, '2024-11-07', NULL),
(40, 69, 4, 4, '2024-04-05', '2025-07-02'),
(41, 71, 4, 2, '2024-07-27', NULL),
(42, 56, 12, 5, '2024-06-15', '2025-03-06'),
(43, 35, 2, 1, '2025-07-01', '2025-09-01'),
(44, 97, 1, 4, '2024-04-08', '2024-12-15'),
(45, 55, 8, 4, '2024-05-10', NULL),
(46, 67, 14, 1, '2024-09-05', '2025-05-14'),
(47, 4, 2, 5, '2024-11-16', '2025-06-19'),
(48, 77, 16, 4, '2025-12-20', NULL),
(49, 70, 6, 5, '2024-04-01', NULL),
(50, 90, 11, 5, '2024-10-24', '2025-05-14'),
(51, 95, 20, 4, '2025-06-23', '2025-06-25'),
(52, 26, 17, 5, '2024-04-15', NULL),
(53, 66, 14, 3, '2024-03-20', '2025-10-20'),
(54, 88, 19, 1, '2025-05-26', '2025-10-01'),
(55, 66, 13, 1, '2024-02-15', NULL),
(56, 80, 5, 5, '2025-01-23', '2025-08-20'),
(57, 88, 11, 3, '2024-08-05', '2024-09-04'),
(58, 82, 4, 1, '2024-10-25', '2025-03-25'),
(59, 49, 12, 4, '2024-03-19', '2025-10-19'),
(60, 23, 5, 5, '2024-07-19', NULL),
(61, 69, 13, 5, '2024-06-28', '2025-06-24'),
(62, 23, 1, 2, '2024-04-14', NULL),
(63, 8, 4, 2, '2025-12-22', '2025-12-23'),
(64, 54, 1, 1, '2025-04-10', NULL),
(65, 72, 18, 5, '2024-08-01', '2025-02-06'),
(66, 29, 13, 4, '2025-01-25', NULL),
(67, 20, 20, 3, '2025-12-24', NULL),
(68, 4, 5, 5, '2025-08-17', '2025-09-05'),
(69, 100, 3, 2, '2024-10-18', NULL),
(70, 1, 5, 2, '2025-06-25', NULL),
(71, 45, 20, 1, '2025-06-01', '2025-07-14'),
(72, 82, 2, 2, '2025-08-30', NULL),
(73, 3, 4, 5, '2024-02-27', '2025-01-02'),
(74, 100, 15, 5, '2024-11-18', '2025-08-01'),
(75, 36, 3, 3, '2024-11-05', NULL),
(76, 48, 8, 4, '2025-08-21', '2025-10-23'),
(77, 52, 16, 5, '2025-12-01', NULL),
(78, 42, 12, 1, '2024-11-17', '2024-11-29'),
(79, 84, 2, 1, '2025-04-23', NULL),
(80, 94, 13, 1, '2024-02-04', '2025-08-06'),
(81, 96, 15, 3, '2025-09-10', '2025-11-04'),
(82, 49, 20, 3, '2024-08-02', NULL),
(83, 55, 6, 2, '2025-12-07', NULL),
(84, 43, 16, 2, '2025-06-10', NULL),
(85, 37, 18, 4, '2024-12-22', '2025-04-10'),
(86, 80, 13, 4, '2024-02-01', '2025-01-06'),
(87, 82, 16, 3, '2024-10-24', '2025-08-19'),
(88, 41, 6, 2, '2025-11-26', '2025-12-19'),
(89, 15, 8, 5, '2025-09-05', NULL),
(90, 25, 6, 5, '2024-09-29', '2025-06-11'),
(91, 100, 5, 3, '2024-02-19', NULL),
(92, 45, 12, 1, '2025-07-17', NULL),
(93, 81, 16, 2, '2024-04-25', NULL),
(94, 15, 10, 1, '2025-08-26', '2025-11-03'),
(95, 17, 6, 3, '2025-08-19', NULL),
(96, 77, 2, 3, '2024-07-31', '2025-04-15'),
(97, 74, 13, 3, '2024-02-11', '2025-06-19'),
(98, 9, 19, 4, '2024-06-15', NULL),
(99, 19, 17, 4, '2025-04-13', '2025-12-13'),
(100, 97, 7, 2, '2024-02-29', NULL),
(101, 94, 5, 2, '2024-04-20', '2025-09-12'),
(102, 79, 6, 4, '2024-10-09', NULL),
(103, 86, 3, 3, '2024-12-20', NULL),
(104, 98, 4, 4, '2025-10-02', NULL),
(105, 79, 4, 5, '2025-02-12', '2025-10-15'),
(106, 86, 10, 3, '2024-06-01', '2025-09-07'),
(107, 68, 16, 2, '2025-12-27', NULL),
(108, 6, 5, 2, '2024-08-16', '2025-07-13'),
(109, 7, 6, 3, '2025-01-06', '2025-11-27'),
(110, 15, 12, 4, '2025-04-06', '2025-09-26'),
(111, 54, 2, 4, '2024-06-22', '2024-12-21'),
(112, 18, 15, 4, '2024-07-24', NULL),
(113, 38, 11, 4, '2025-09-30', '2025-12-03'),
(114, 3, 17, 5, '2025-04-23', '2025-08-15'),
(115, 17, 15, 2, '2024-11-22', '2025-02-08'),
(116, 45, 9, 5, '2025-12-13', NULL),
(117, 3, 7, 5, '2025-03-25', NULL),
(118, 43, 8, 3, '2025-02-21', NULL),
(119, 52, 5, 2, '2024-11-06', '2025-05-09'),
(120, 55, 12, 1, '2025-11-15', NULL),
(121, 78, 8, 2, '2025-12-30', NULL),
(122, 96, 13, 4, '2025-02-13', '2025-12-29'),
(123, 29, 17, 1, '2024-03-26', NULL),
(124, 19, 1, 4, '2024-08-02', '2025-04-02'),
(125, 28, 9, 3, '2025-03-31', '2025-10-07'),
(126, 9, 11, 5, '2024-05-22', NULL),
(127, 19, 16, 4, '2024-02-27', NULL),
(128, 74, 8, 2, '2024-06-06', NULL),
(129, 36, 10, 3, '2024-12-27', '2025-04-30'),
(130, 90, 4, 4, '2024-06-20', NULL),
(131, 81, 3, 1, '2024-06-01', '2024-08-23'),
(132, 42, 15, 4, '2025-06-16', '2025-08-11'),
(133, 64, 17, 3, '2024-04-16', NULL),
(134, 54, 17, 2, '2024-09-19', '2025-11-06'),
(135, 63, 10, 1, '2025-02-25', NULL),
(136, 78, 12, 5, '2025-08-27', '2025-11-22'),
(137, 14, 14, 2, '2024-03-22', '2025-05-05'),
(138, 7, 2, 5, '2024-05-30', '2025-06-11'),
(139, 68, 14, 2, '2025-01-03', NULL),
(140, 18, 10, 5, '2025-03-27', NULL),
(141, 95, 15, 2, '2024-07-20', '2025-03-13'),
(142, 45, 12, 3, '2024-06-18', '2024-09-26'),
(143, 98, 12, 1, '2025-09-13', NULL),
(144, 8, 19, 1, '2024-04-02', '2025-03-03'),
(145, 74, 16, 1, '2025-11-11', '2025-12-01'),
(146, 1, 9, 5, '2024-11-14', '2025-11-14'),
(147, 46, 15, 2, '2025-12-26', NULL),
(148, 64, 11, 3, '2025-09-11', NULL),
(149, 77, 15, 1, '2024-05-09', '2025-06-15'),
(150, 53, 12, 2, '2024-11-26', NULL),
(151, 69, 7, 5, '2025-10-06', NULL),
(152, 78, 11, 2, '2024-07-31', '2024-08-25'),
(153, 16, 12, 2, '2025-12-11', NULL),
(154, 7, 15, 2, '2024-06-03', NULL),
(155, 30, 20, 3, '2025-04-12', '2025-12-22'),
(156, 74, 6, 4, '2025-10-29', '2025-11-27'),
(157, 93, 12, 1, '2025-09-09', '2025-12-18'),
(158, 46, 3, 4, '2024-06-19', NULL),
(159, 94, 10, 3, '2025-08-06', NULL),
(160, 84, 15, 2, '2025-10-06', NULL),
(161, 73, 11, 2, '2025-09-04', '2025-11-02'),
(162, 77, 4, 2, '2024-10-22', NULL),
(163, 24, 14, 3, '2025-04-19', '2025-10-12'),
(164, 73, 4, 2, '2024-01-19', NULL),
(165, 57, 14, 1, '2025-12-07', NULL),
(166, 81, 2, 3, '2025-03-24', NULL),
(167, 29, 11, 4, '2024-04-18', NULL),
(168, 81, 17, 2, '2025-10-23', NULL),
(169, 17, 12, 2, '2024-09-30', '2024-12-08'),
(170, 61, 1, 2, '2025-12-11', NULL),
(171, 41, 19, 3, '2024-10-21', '2025-10-23'),
(172, 72, 7, 2, '2025-04-11', '2025-10-22'),
(173, 69, 7, 5, '2025-01-14', NULL),
(174, 53, 6, 3, '2024-01-29', '2025-06-25'),
(175, 5, 16, 4, '2025-11-28', '2025-12-13'),
(176, 100, 9, 5, '2024-06-24', '2025-11-02'),
(177, 77, 9, 5, '2024-06-24', '2024-08-14'),
(178, 54, 4, 4, '2024-04-08', '2025-08-26'),
(179, 29, 17, 1, '2025-02-15', '2025-08-05'),
(180, 44, 3, 4, '2024-11-21', '2025-01-25'),
(181, 70, 7, 5, '2025-01-05', NULL),
(182, 88, 4, 5, '2024-10-27', NULL),
(183, 61, 3, 1, '2024-02-29', '2024-07-09'),
(184, 61, 19, 2, '2025-07-03', NULL),
(185, 75, 17, 3, '2025-04-09', NULL),
(186, 86, 1, 4, '2024-05-31', '2025-03-01'),
(187, 98, 15, 5, '2025-01-04', '2025-04-16'),
(188, 67, 15, 4, '2024-09-08', NULL),
(189, 20, 3, 2, '2025-01-06', '2025-10-19'),
(190, 41, 17, 5, '2024-03-11', NULL),
(191, 79, 16, 4, '2025-07-31', '2025-11-13'),
(192, 76, 12, 2, '2025-04-22', '2025-11-27'),
(193, 85, 12, 5, '2025-02-24', NULL),
(194, 3, 7, 3, '2024-12-23', '2025-10-21'),
(195, 46, 7, 1, '2025-12-11', '2025-12-26'),
(196, 73, 9, 1, '2025-06-09', '2025-08-14'),
(197, 27, 18, 4, '2025-05-21', '2025-09-16'),
(198, 35, 8, 2, '2024-08-26', '2024-11-30'),
(199, 9, 7, 5, '2024-06-29', '2025-12-03'),
(200, 9, 18, 5, '2024-11-22', NULL),
(201, 96, 2, 5, '2025-09-01', '2025-10-16'),
(202, 14, 20, 4, '2024-02-09', NULL),
(203, 16, 15, 4, '2025-12-29', NULL),
(204, 25, 9, 3, '2025-08-18', NULL),
(205, 46, 11, 2, '2025-07-31', '2025-12-05'),
(206, 96, 6, 2, '2025-02-14', NULL),
(207, 60, 19, 5, '2024-05-04', NULL),
(208, 85, 3, 4, '2024-08-15', '2025-09-04'),
(209, 82, 11, 3, '2025-09-06', NULL),
(210, 22, 2, 2, '2025-04-18', NULL),
(211, 25, 3, 3, '2025-04-28', NULL),
(212, 57, 8, 4, '2024-11-26', NULL),
(213, 65, 5, 1, '2025-04-09', '2025-10-05'),
(214, 87, 6, 5, '2024-01-18', '2025-05-20'),
(215, 27, 17, 1, '2025-11-30', NULL),
(216, 48, 9, 5, '2025-09-15', '2025-10-19'),
(217, 88, 4, 3, '2025-07-20', NULL),
(218, 10, 7, 4, '2025-02-28', NULL),
(219, 55, 11, 3, '2024-03-30', '2024-11-09'),
(220, 56, 19, 3, '2025-03-16', NULL),
(221, 32, 10, 4, '2025-05-11', NULL),
(222, 35, 15, 5, '2024-08-23', NULL),
(223, 59, 14, 5, '2025-10-31', '2025-12-06'),
(224, 32, 1, 2, '2025-08-24', '2025-11-27'),
(225, 79, 1, 4, '2025-10-03', '2025-11-18'),
(226, 72, 5, 1, '2025-10-19', NULL),
(227, 21, 4, 1, '2025-11-21', '2025-12-01'),
(228, 31, 19, 4, '2024-04-18', '2024-09-06'),
(229, 98, 7, 3, '2024-11-23', '2025-11-30'),
(230, 10, 13, 4, '2025-11-16', NULL),
(231, 46, 4, 3, '2024-05-14', '2025-06-01'),
(232, 15, 20, 2, '2025-08-13', NULL),
(233, 14, 18, 3, '2025-01-15', '2025-11-18'),
(234, 91, 12, 4, '2024-09-06', '2025-03-27'),
(235, 19, 9, 1, '2025-02-17', NULL),
(236, 1, 15, 1, '2025-04-07', '2025-12-10'),
(237, 54, 4, 1, '2024-08-09', '2024-11-24'),
(238, 27, 6, 3, '2025-10-27', '2025-11-14'),
(239, 61, 10, 3, '2025-07-18', NULL),
(240, 18, 17, 3, '2025-04-22', NULL),
(241, 53, 1, 2, '2024-10-13', NULL),
(242, 84, 4, 5, '2024-02-22', NULL),
(243, 5, 18, 1, '2024-01-28', NULL),
(244, 49, 7, 2, '2024-11-09', NULL),
(245, 54, 13, 2, '2024-01-08', NULL),
(246, 45, 8, 3, '2025-12-13', NULL),
(247, 70, 9, 2, '2024-05-09', NULL),
(248, 73, 16, 5, '2025-07-30', '2025-09-15'),
(249, 32, 19, 2, '2025-11-20', NULL),
(250, 15, 19, 4, '2024-10-07', NULL),
(251, 39, 7, 5, '2024-05-31', NULL),
(252, 83, 14, 4, '2024-10-09', NULL),
(253, 64, 17, 5, '2025-04-09', NULL),
(254, 28, 17, 2, '2025-11-03', '2025-12-09'),
(255, 3, 3, 3, '2024-03-31', NULL),
(256, 48, 1, 5, '2024-03-17', NULL),
(257, 95, 15, 2, '2024-05-31', NULL),
(258, 41, 2, 4, '2025-08-07', '2025-12-26'),
(259, 29, 10, 3, '2024-07-03', '2024-11-22'),
(260, 19, 10, 3, '2025-08-15', '2025-12-03'),
(261, 77, 15, 4, '2025-07-30', NULL),
(262, 43, 5, 4, '2025-10-17', '2025-11-29'),
(263, 67, 6, 5, '2025-06-20', '2025-08-15'),
(264, 33, 20, 1, '2024-08-04', '2025-07-24'),
(265, 1, 17, 2, '2025-10-30', '2025-12-11'),
(266, 2, 15, 3, '2024-08-22', '2025-04-25'),
(267, 88, 10, 2, '2024-12-11', '2025-03-06'),
(268, 27, 4, 1, '2024-01-11', '2025-11-17'),
(269, 64, 17, 3, '2025-05-05', '2025-12-27'),
(270, 97, 20, 3, '2025-01-04', NULL),
(271, 76, 9, 4, '2024-11-06', '2025-04-15'),
(272, 50, 1, 2, '2024-12-02', '2025-05-18'),
(273, 52, 1, 1, '2024-02-03', '2025-01-10'),
(274, 29, 4, 2, '2024-11-04', '2025-04-19'),
(275, 81, 6, 2, '2024-11-18', NULL),
(276, 7, 18, 3, '2024-10-06', NULL),
(277, 90, 9, 2, '2025-07-29', '2025-08-27'),
(278, 95, 9, 2, '2024-01-19', '2024-02-16'),
(279, 11, 11, 4, '2025-07-03', NULL),
(280, 86, 19, 2, '2024-07-26', '2025-07-13'),
(281, 45, 8, 5, '2024-07-16', NULL),
(282, 49, 9, 2, '2024-06-03', '2025-05-01'),
(283, 5, 20, 5, '2024-03-26', '2025-09-23'),
(284, 47, 20, 1, '2025-03-07', NULL),
(285, 29, 18, 2, '2025-07-23', NULL),
(286, 66, 5, 1, '2024-11-19', '2025-07-15'),
(287, 29, 5, 2, '2025-09-12', '2025-11-17'),
(288, 8, 11, 4, '2025-03-04', '2025-11-02'),
(289, 25, 20, 5, '2024-10-25', '2025-08-02'),
(290, 65, 12, 3, '2025-11-24', NULL),
(291, 53, 11, 2, '2024-06-06', NULL),
(292, 39, 16, 5, '2025-05-23', '2025-08-13'),
(293, 28, 13, 1, '2024-11-17', '2024-12-07'),
(294, 37, 10, 5, '2025-10-25', '2025-12-15'),
(295, 63, 13, 3, '2025-09-08', '2025-09-28'),
(296, 10, 10, 5, '2025-04-07', NULL),
(297, 96, 1, 5, '2024-01-17', '2024-09-11'),
(298, 67, 18, 1, '2025-04-10', NULL),
(299, 85, 16, 3, '2025-04-20', NULL),
(300, 34, 10, 1, '2024-04-02', '2025-03-13');
